{"cameraMode":{"drawMode":0,"name":"Shaded","section":"Shading Mode"},"sceneLighting":true,"audioPlay":false,"sceneViewState":{"m_AlwaysRefresh":false,"showFog":true,"showSkybox":true,"showFlares":true,"showImageEffects":true,"showParticleSystems":true,"showVisualEffectGraphs":true,"m_FxEnabled":true},"in2DMode":false,"pivot":{"x":341.59088134765627,"y":95.25692749023438,"z":-292.6590881347656},"rotation":{"x":0.09772028028964997,"y":-0.12743178009986878,"z":-0.012614794075489045,"w":-0.9869484901428223},"size":28.480010986328126,"orthographic":false}